111,113,114,127,102,94,97,126,105,108,65,124,117,62,79,116,133,86,100,82,88,77,98,105,114
111,113,114,127,102,94,97,126,105,108,65,124,117,62,79,116,133,86,100,82,88,77,98,105,114
111,113,114,127,102,94,97,126,105,108,65,124,117,62,79,116,133,86,100,82,88,77,98,105,114
111,113,114,127,102,94,97,126,105,108,65,124,117,62,79,116,133,86,100,82,88,77,98,105,114
111,113,114,127,102,94,97,126,105,108,65,124,117,62,79,116,133,86,100,82,88,77,98,105,114
111,113,114,127,102,94,97,126,105,108,65,124,117,62,79,116,133,86,100,82,88,77,98,105,114
111,113,114,127,102,94,97,126,105,108,65,124,117,62,79,116,133,86,100,82,88,77,98,105,114
111,113,114,127,102,94,97,126,105,108,65,124,117,62,79,116,133,86,100,82,88,77,98,105,114
111,113,114,127,102,94,97,126,105,108,65,124,117,62,79,116,133,86,100,82,88,77,98,105,114
111,113,114,127,102,94,97,126,105,108,65,124,117,62,79,116,133,86,100,82,88,77,98,105,114
111,113,114,127,102,94,97,126,105,108,65,124,117,62,79,116,133,86,100,82,88,77,98,105,114
111,113,114,127,102,94,97,126,105,108,65,124,117,62,79,116,133,86,100,82,88,77,98,105,114
111,113,114,127,102,94,97,126,105,108,65,124,117,62,79,116,133,86,100,82,88,77,98,105,114
111,113,114,127,102,94,97,126,105,108,65,124,117,62,79,116,133,86,100,82,88,77,98,105,114
111,113,114,127,102,94,97,126,105,108,65,124,117,62,79,116,133,86,100,82,88,77,98,105,114
111,113,114,127,102,94,97,126,105,108,65,124,117,62,79,116,133,86,100,82,88,77,98,105,114
111,113,114,127,102,94,97,126,105,108,65,124,117,62,79,116,133,86,100,82,88,77,98,105,114
111,113,114,127,102,94,97,126,105,108,65,124,117,62,79,116,133,86,100,82,88,77,98,105,114
111,113,114,127,102,94,97,126,105,108,65,124,117,62,79,116,133,86,100,82,88,77,98,105,114
111,113,114,127,102,94,97,126,105,108,65,124,117,62,79,116,133,86,100,82,88,77,98,105,114
111,113,114,127,102,94,97,126,105,108,65,124,117,62,79,116,133,86,100,82,88,77,98,105,114
111,113,114,127,102,94,97,126,105,108,65,124,117,62,79,116,133,86,100,82,88,77,98,105,114
111,113,114,127,102,94,97,126,105,108,65,124,117,62,79,116,133,86,100,82,88,77,98,105,114
111,113,114,127,102,94,97,126,105,108,65,124,117,62,79,116,133,86,100,82,88,77,98,105,114
111,113,114,127,102,94,97,126,105,108,65,124,117,62,79,116,133,86,100,82,88,77,98,105,114
111,113,114,127,102,94,97,126,105,108,65,124,117,62,79,116,133,86,100,82,88,77,98,105,114
111,113,114,127,102,94,97,126,105,108,65,124,117,62,79,116,133,86,100,82,88,77,98,105,114
111,113,114,127,102,94,97,126,105,108,65,124,117,62,79,116,133,86,100,82,88,77,98,105,114
111,113,114,127,102,94,97,126,105,108,65,124,117,62,79,116,133,86,100,82,88,77,98,105,114
111,113,114,127,102,94,97,126,105,108,65,124,117,62,79,116,133,86,100,82,88,77,98,105,114
111,113,114,127,102,94,97,126,105,108,65,124,117,62,79,116,133,86,100,82,88,77,98,105,114
111,113,114,127,102,94,97,126,105,108,65,124,117,62,79,116,133,86,100,82,88,77,98,105,114
111,113,114,127,102,94,97,126,105,108,65,124,117,62,79,116,133,86,100,82,88,77,98,105,114
111,113,114,127,102,94,97,126,105,108,65,124,117,62,79,116,133,86,100,82,88,77,98,105,114
111,113,114,127,102,94,97,126,105,108,65,124,117,62,79,116,133,86,100,82,88,77,98,105,114
111,113,114,127,102,94,97,126,105,108,65,124,117,62,79,116,133,86,100,82,88,77,98,105,114
111,113,114,127,102,94,97,126,105,108,65,124,117,62,79,116,133,86,100,82,88,77,98,105,114
111,113,114,127,102,94,97,126,105,108,65,124,117,62,79,116,133,86,100,82,88,77,98,105,114
111,113,114,127,102,94,97,126,105,108,65,124,117,62,79,116,133,86,100,82,88,77,98,105,114
111,113,114,127,102,94,97,126,105,108,65,124,117,62,79,116,133,86,100,82,88,77,98,105,114
111,113,114,127,102,94,97,126,105,108,65,124,117,62,79,116,133,86,100,82,88,77,98,105,114
111,113,114,127,102,94,97,126,105,108,65,124,117,62,79,116,133,86,100,82,88,77,98,105,114
111,113,114,127,102,94,97,126,105,108,65,124,117,62,79,116,133,86,100,82,88,77,98,105,114
111,113,114,127,102,94,97,126,105,108,65,124,117,62,79,116,133,86,100,82,88,77,98,105,114
111,113,114,127,102,94,97,126,105,108,65,124,117,62,79,116,133,86,100,82,88,77,98,105,114
111,113,114,127,102,94,97,126,105,108,65,124,117,62,79,116,133,86,100,82,88,77,98,105,114
111,113,114,127,102,94,97,126,105,108,65,124,117,62,79,116,133,86,100,82,88,77,98,105,114
111,113,114,127,102,94,97,126,105,108,65,124,117,62,79,116,133,86,100,82,88,77,98,105,114
111,113,114,127,102,94,97,126,105,108,65,124,117,62,79,116,133,86,100,82,88,77,98,105,114
111,113,114,127,102,94,97,126,105,108,65,124,117,62,79,116,133,86,100,82,88,77,98,105,114
111,113,114,127,102,94,97,126,105,108,65,124,117,62,79,116,133,86,100,82,88,77,98,105,114
111,113,114,127,102,94,97,126,105,108,65,124,117,62,79,116,133,86,100,82,88,77,98,105,114
111,113,114,127,102,94,97,126,105,108,65,124,117,62,79,116,133,86,100,82,88,77,98,105,114
111,113,114,127,102,94,97,126,105,108,65,124,117,62,79,116,133,86,100,82,88,77,98,105,114
111,113,114,127,102,94,97,126,105,108,65,124,117,62,79,116,133,86,100,82,88,77,98,105,114
111,113,114,127,102,94,97,126,105,108,65,124,117,62,79,116,133,86,100,82,88,77,98,105,114
111,113,114,127,102,94,97,126,105,108,65,124,117,62,79,116,133,86,100,82,88,77,98,105,114
111,113,114,127,102,94,97,126,105,108,65,124,117,62,79,116,133,86,100,82,88,77,98,105,114
111,113,114,127,102,94,97,126,105,108,65,124,117,62,79,116,133,86,100,82,88,77,98,105,114
111,113,114,127,102,94,97,126,105,108,65,124,117,62,79,116,133,86,100,82,88,77,98,105,114
111,113,114,127,102,94,97,126,105,108,65,124,117,62,79,116,133,86,100,82,88,77,98,105,114
111,113,114,127,102,94,97,126,105,108,65,124,117,62,79,116,133,86,100,82,88,77,98,105,114
111,113,114,127,102,94,97,126,105,108,65,124,117,62,79,116,133,86,100,82,88,77,98,105,114
111,113,114,127,102,94,97,126,105,108,65,124,117,62,79,116,133,86,100,82,88,77,98,105,114
111,113,114,127,102,94,97,126,105,108,65,124,117,62,79,116,133,86,100,82,88,77,98,105,114
111,113,114,127,102,94,97,126,105,108,65,124,117,62,79,116,133,86,100,82,88,77,98,105,114
111,113,114,127,102,94,97,126,105,108,65,124,117,62,79,116,133,86,100,82,88,77,98,105,114
111,113,114,127,102,94,97,126,105,108,65,124,117,62,79,116,133,86,100,82,88,77,98,105,114
111,113,114,127,102,94,97,126,105,108,65,124,117,62,79,116,133,86,100,82,88,77,98,105,114
111,113,114,127,102,94,97,126,105,108,65,124,117,62,79,116,133,86,100,82,88,77,98,105,114
111,113,114,127,102,94,97,126,105,108,65,124,117,62,79,116,133,86,100,82,88,77,98,105,114
111,113,114,127,102,94,97,126,105,108,65,124,117,62,79,116,133,86,100,82,88,77,98,105,114
111,113,114,127,102,94,97,126,105,108,65,124,117,62,79,116,133,86,100,82,88,77,98,105,114
111,113,114,127,102,94,97,126,105,108,65,124,117,62,79,116,133,86,100,82,88,77,98,105,114
111,113,114,127,102,94,97,126,105,108,65,124,117,62,79,116,133,86,100,82,88,77,98,105,114
111,113,114,127,102,94,97,126,105,108,65,124,117,62,79,116,133,86,100,82,88,77,98,105,114
111,113,114,127,102,94,97,126,105,108,65,124,117,62,79,116,133,86,100,82,88,77,98,105,114
111,113,114,127,102,94,97,126,105,108,65,124,117,62,79,116,133,86,100,82,88,77,98,105,114
111,113,114,127,102,94,97,126,105,108,65,124,117,62,79,116,133,86,100,82,88,77,98,105,114
111,113,114,127,102,94,97,126,105,108,65,124,117,62,79,116,133,86,100,82,88,77,98,105,114
111,113,114,127,102,94,97,126,105,108,65,124,117,62,79,116,133,86,100,82,88,77,98,105,114
111,113,114,127,102,94,97,126,105,108,65,124,117,62,79,116,133,86,100,82,88,77,98,105,114
111,113,114,127,102,94,97,126,105,108,65,124,117,62,79,116,133,86,100,82,88,77,98,105,114
111,113,114,127,102,94,97,126,105,108,65,124,117,62,79,116,133,86,100,82,88,77,98,105,114
111,113,114,127,102,94,97,126,105,108,65,124,117,62,79,116,133,86,100,82,88,77,98,105,114
111,113,114,127,102,94,97,126,105,108,65,124,117,62,79,116,133,86,100,82,88,77,98,105,114
111,113,114,127,102,94,97,126,105,108,65,124,117,62,79,116,133,86,100,82,88,77,98,105,114
111,113,114,127,102,94,97,126,105,108,65,124,117,62,79,116,133,86,100,82,88,77,98,105,114
111,113,114,127,102,94,97,126,105,108,65,124,117,62,79,116,133,86,100,82,88,77,98,105,114
111,113,114,127,102,94,97,126,105,108,65,124,117,62,79,116,133,86,100,82,88,77,98,105,114
111,113,114,127,102,94,97,126,105,108,65,124,117,62,79,116,133,86,100,82,88,77,98,105,114
111,113,114,127,102,94,97,126,105,108,65,124,117,62,79,116,133,86,100,82,88,77,98,105,114
111,113,114,127,102,94,97,126,105,108,65,124,117,62,79,116,133,86,100,82,88,77,98,105,114
111,113,114,127,102,94,97,126,105,108,65,124,117,62,79,116,133,86,100,82,88,77,98,105,114
111,113,114,127,102,94,97,126,105,108,65,124,117,62,79,116,133,86,100,82,88,77,98,105,114
111,113,114,127,102,94,97,126,105,108,65,124,117,62,79,116,133,86,100,82,88,77,98,105,114
111,113,114,127,102,94,97,126,105,108,65,124,117,62,79,116,133,86,100,82,88,77,98,105,114
111,113,114,127,102,94,97,126,105,108,65,124,117,62,79,116,133,86,100,82,88,77,98,105,114
111,113,114,127,102,94,97,126,105,108,65,124,117,62,79,116,133,86,100,82,88,77,98,105,114
111,113,114,127,102,94,97,126,105,108,65,124,117,62,79,116,133,86,100,82,88,77,98,105,114
111,113,114,127,102,94,97,126,105,108,65,124,117,62,79,116,133,86,100,82,88,77,98,105,114
111,113,114,127,102,94,97,126,105,108,65,124,117,62,79,116,133,86,100,82,88,77,98,105,114
111,113,114,127,102,94,97,126,105,108,65,124,117,62,79,116,133,86,100,82,88,77,98,105,114
111,113,114,127,102,94,97,126,105,108,65,124,117,62,79,116,133,86,100,82,88,77,98,105,114
111,113,114,127,102,94,97,126,105,108,65,124,117,62,79,116,133,86,100,82,88,77,98,105,114
111,113,114,127,102,94,97,126,105,108,65,124,117,62,79,116,133,86,100,82,88,77,98,105,114
111,113,114,127,102,94,97,126,105,108,65,124,117,62,79,116,133,86,100,82,88,77,98,105,114
111,113,114,127,102,94,97,126,105,108,65,124,117,62,79,116,133,86,100,82,88,77,98,105,114
111,113,114,127,102,94,97,126,105,108,65,124,117,62,79,116,133,86,100,82,88,77,98,105,114
111,113,114,127,102,94,97,126,105,108,65,124,117,62,79,116,133,86,100,82,88,77,98,105,114
111,113,114,127,102,94,97,126,105,108,65,124,117,62,79,116,133,86,100,82,88,77,98,105,114
111,113,114,127,102,94,97,126,105,108,65,124,117,62,79,116,133,86,100,82,88,77,98,105,114
111,113,114,127,102,94,97,126,105,108,65,124,117,62,79,116,133,86,100,82,88,77,98,105,114
111,113,114,127,102,94,97,126,105,108,65,124,117,62,79,116,133,86,100,82,88,77,98,105,114
111,113,114,127,102,94,97,126,105,108,65,124,117,62,79,116,133,86,100,82,88,77,98,105,114
111,113,114,127,102,94,97,126,105,108,65,124,117,62,79,116,133,86,100,82,88,77,98,105,114
111,113,114,127,102,94,97,126,105,108,65,124,117,62,79,116,133,86,100,82,88,77,98,105,114
111,113,114,127,102,94,97,126,105,108,65,124,117,62,79,116,133,86,100,82,88,77,98,105,114
111,113,114,127,102,94,97,126,105,108,65,124,117,62,79,116,133,86,100,82,88,77,98,105,114
111,113,114,127,102,94,97,126,105,108,65,124,117,62,79,116,133,86,100,82,88,77,98,105,114
111,113,114,127,102,94,97,126,105,108,65,124,117,62,79,116,133,86,100,82,88,77,98,105,114
111,113,114,127,102,94,97,126,105,108,65,124,117,62,79,116,133,86,100,82,88,77,98,105,114
111,113,114,127,102,94,97,126,105,108,65,124,117,62,79,116,133,86,100,82,88,77,98,105,114
111,113,114,127,102,94,97,126,105,108,65,124,117,62,79,116,133,86,100,82,88,77,98,105,114
111,113,114,127,102,94,97,126,105,108,65,124,117,62,79,116,133,86,100,82,88,77,98,105,114
111,113,114,127,102,94,97,126,105,108,65,124,117,62,79,116,133,86,100,82,88,77,98,105,114
111,113,114,127,102,94,97,126,105,108,65,124,117,62,79,116,133,86,100,82,88,77,98,105,114
111,113,114,127,102,94,97,126,105,108,65,124,117,62,79,116,133,86,100,82,88,77,98,105,114
111,113,114,127,102,94,97,126,105,108,65,124,117,62,79,116,133,86,100,82,88,77,98,105,114
111,113,114,127,102,94,97,126,105,108,65,124,117,62,79,116,133,86,100,82,88,77,98,105,114
111,113,114,127,102,94,97,126,105,108,65,124,117,62,79,116,133,86,100,82,88,77,98,105,114
111,113,114,127,102,94,97,126,105,108,65,124,117,62,79,116,133,86,100,82,88,77,98,105,114
111,113,114,127,102,94,97,126,105,108,65,124,117,62,79,116,133,86,100,82,88,77,98,105,114
111,113,114,127,102,94,97,126,105,108,65,124,117,62,79,116,133,86,100,82,88,77,98,105,114
111,113,114,127,102,94,97,126,105,108,65,124,117,62,79,116,133,86,100,82,88,77,98,105,114
111,113,114,127,102,94,97,126,105,108,65,124,117,62,79,116,133,86,100,82,88,77,98,105,114
111,113,114,127,102,94,97,126,105,108,65,124,117,62,79,116,133,86,100,82,88,77,98,105,114
111,113,114,127,102,94,97,126,105,108,65,124,117,62,79,116,133,86,100,82,88,77,98,105,114
111,113,114,127,102,94,97,126,105,108,65,124,117,62,79,116,133,86,100,82,88,77,98,105,114
111,113,114,127,102,94,97,126,105,108,65,124,117,62,79,116,133,86,100,82,88,77,98,105,114
111,113,114,127,102,94,97,126,105,108,65,124,117,62,79,116,133,86,100,82,88,77,98,105,114
111,113,114,127,102,94,97,126,105,108,65,124,117,62,79,116,133,86,100,82,88,77,98,105,114
111,113,114,127,102,94,97,126,105,108,65,124,117,62,79,116,133,86,100,82,88,77,98,105,114
111,113,114,127,102,94,97,126,105,108,65,124,117,62,79,116,133,86,100,82,88,77,98,105,114
111,113,114,127,102,94,97,126,105,108,65,124,117,62,79,116,133,86,100,82,88,77,98,105,114
111,113,114,127,102,94,97,126,105,108,65,124,117,62,79,116,133,86,100,82,88,77,98,105,114
111,113,114,127,102,94,97,126,105,108,65,124,117,62,79,116,133,86,100,82,88,77,98,105,114
111,113,114,127,102,94,97,126,105,108,65,124,117,62,79,116,133,86,100,82,88,77,98,105,114
111,113,114,127,102,94,97,126,105,108,65,124,117,62,79,116,133,86,100,82,88,77,98,105,114
111,113,114,127,102,94,97,126,105,108,65,124,117,62,79,116,133,86,100,82,88,77,98,105,114
111,113,114,127,102,94,97,126,105,108,65,124,117,62,79,116,133,86,100,82,88,77,98,105,114
111,113,114,127,102,94,97,126,105,108,65,124,117,62,79,116,133,86,100,82,88,77,98,105,114
111,113,114,127,102,94,97,126,105,108,65,124,117,62,79,116,133,86,100,82,88,77,98,105,114
111,113,114,127,102,94,97,126,105,108,65,124,117,62,79,116,133,86,100,82,88,77,98,105,114
111,113,114,127,102,94,97,126,105,108,65,124,117,62,79,116,133,86,100,82,88,77,98,105,114
111,113,114,127,102,94,97,126,105,108,65,124,117,62,79,116,133,86,100,82,88,77,98,105,114
111,113,114,127,102,94,97,126,105,108,65,124,117,62,79,116,133,86,100,82,88,77,98,105,114
111,113,114,127,102,94,97,126,105,108,65,124,117,62,79,116,133,86,100,82,88,77,98,105,114
111,113,114,127,102,94,97,126,105,108,65,124,117,62,79,116,133,86,100,82,88,77,98,105,114
111,113,114,127,102,94,97,126,105,108,65,124,117,62,79,116,133,86,100,82,88,77,98,105,114
111,113,114,127,102,94,97,126,105,108,65,124,117,62,79,116,133,86,100,82,88,77,98,105,114
111,113,114,127,102,94,97,126,105,108,65,124,117,62,79,116,133,86,100,82,88,77,98,105,114
111,113,114,127,102,94,97,126,105,108,65,124,117,62,79,116,133,86,100,82,88,77,98,105,114
111,113,114,127,102,94,97,126,105,108,65,124,117,62,79,116,133,86,100,82,88,77,98,105,114
111,113,114,127,102,94,97,126,105,108,65,124,117,62,79,116,133,86,100,82,88,77,98,105,114
111,113,114,127,102,94,97,126,105,108,65,124,117,62,79,116,133,86,100,82,88,77,98,105,114
111,113,114,127,102,94,97,126,105,108,65,124,117,62,79,116,133,86,100,82,88,77,98,105,114
111,113,114,127,102,94,97,126,105,108,65,124,117,62,79,116,133,86,100,82,88,77,98,105,114
111,113,114,127,102,94,97,126,105,108,65,124,117,62,79,116,133,86,100,82,88,77,98,105,114
111,113,114,127,102,94,97,126,105,108,65,124,117,62,79,116,133,86,100,82,88,77,98,105,114
111,113,114,127,102,94,97,126,105,108,65,124,117,62,79,116,133,86,100,82,88,77,98,105,114
111,113,114,127,102,94,97,126,105,108,65,124,117,62,79,116,133,86,100,82,88,77,98,105,114
111,113,114,127,102,94,97,126,105,108,65,124,117,62,79,116,133,86,100,82,88,77,98,105,114
111,113,114,127,102,94,97,126,105,108,65,124,117,62,79,116,133,86,100,82,88,77,98,105,114
111,113,114,127,102,94,97,126,105,108,65,124,117,62,79,116,133,86,100,82,88,77,98,105,114
111,113,114,127,102,94,97,126,105,108,65,124,117,62,79,116,133,86,100,82,88,77,98,105,114
111,113,114,127,102,94,97,126,105,108,65,124,117,62,79,116,133,86,100,82,88,77,98,105,114
111,113,114,127,102,94,97,126,105,108,65,124,117,62,79,116,133,86,100,82,88,77,98,105,114
111,113,114,127,102,94,97,126,105,108,65,124,117,62,79,116,133,86,100,82,88,77,98,105,114
111,113,114,127,102,94,97,126,105,108,65,124,117,62,79,116,133,86,100,82,88,77,98,105,114
111,113,114,127,102,94,97,126,105,108,65,124,117,62,79,116,133,86,100,82,88,77,98,105,114
111,113,114,127,102,94,97,126,105,108,65,124,117,62,79,116,133,86,100,82,88,77,98,105,114
111,113,114,127,102,94,97,126,105,108,65,124,117,62,79,116,133,86,100,82,88,77,98,105,114
111,113,114,127,102,94,97,126,105,108,65,124,117,62,79,116,133,86,100,82,88,77,98,105,114
111,113,114,127,102,94,97,126,105,108,65,124,117,62,79,116,133,86,100,82,88,77,98,105,114
111,113,114,127,102,94,97,126,105,108,65,124,117,62,79,116,133,86,100,82,88,77,98,105,114
111,113,114,127,102,94,97,126,105,108,65,124,117,62,79,116,133,86,100,82,88,77,98,105,114
111,113,114,127,102,94,97,126,105,108,65,124,117,62,79,116,133,86,100,82,88,77,98,105,114
111,113,114,127,102,94,97,126,105,108,65,124,117,62,79,116,133,86,100,82,88,77,98,105,114
111,113,114,127,102,94,97,126,105,108,65,124,117,62,79,116,133,86,100,82,88,77,98,105,114
111,113,114,127,102,94,97,126,105,108,65,124,117,62,79,116,133,86,100,82,88,77,98,105,114
111,113,114,127,102,94,97,126,105,108,65,124,117,62,79,116,133,86,100,82,88,77,98,105,114
111,113,114,127,102,94,97,126,105,108,65,124,117,62,79,116,133,86,100,82,88,77,98,105,114
111,113,114,127,102,94,97,126,105,108,65,124,117,62,79,116,133,86,100,82,88,77,98,105,114
111,113,114,127,102,94,97,126,105,108,65,124,117,62,79,116,133,86,100,82,88,77,98,105,114
111,113,114,127,102,94,97,126,105,108,65,124,117,62,79,116,133,86,100,82,88,77,98,105,114
111,113,114,127,102,94,97,126,105,108,65,124,117,62,79,116,133,86,100,82,88,77,98,105,114
111,113,114,127,102,94,97,126,105,108,65,124,117,62,79,116,133,86,100,82,88,77,98,105,114
111,113,114,127,102,94,97,126,105,108,65,124,117,62,79,116,133,86,100,82,88,77,98,105,114
111,113,114,127,102,94,97,126,105,108,65,124,117,62,79,116,133,86,100,82,88,77,98,105,114
