38,3,102,43,34,5,33,1,42,14,80,33,39,6,75,23,84,82,119,97,54,22,65,26,58,114,61,41,48,95,65,9,93,104,60,90,106,24,74,98,93,65,5,25,99,13,82,2,88,57,111,2,6,113,51,39,41,2,48,6,80,1,27,19,54,10,48,3,100,3,89,22,75,36,118,107,13,71,40,65,54,47,71,54,84,3,104,56,79,23,75,48,32,38,107,14,117,66,43,34,117,53,101,16,5,112,60,88,92,4,72,101,91,61,66,33,73,96,42,6,64,74,30,33,15,41,17,2,72,57,20,10,34,87,12,48,70,42,17,6,4,8,2,32,38,57,75,78,7,79,35,32,23,113,73,93,56,73,42,75,114,4,99,32,61,80,50,10,50,76,80,35,101,5,76,13,109,9,106,71,7,69,47,56,47,102,94,84,62,5,58,23,106,17,20,5,32,52,103,6
76,26,82,63,109,105,67,8,45,115,111,91,95,3,23,22,58,52,41,19,78,108,93,33,92,111,29,114,69,49,66,5,110,58,39,24,9,44,9,5,60,21,18,82,53,111,84,101,66,90,108,52,72,73,80,83,97,61,49,27,87,34,99,39,48,57,39,52,48,101,107,100,22,80,42,9,116,112,88,55,73,115,13,97,95,20,70,113,103,6,84,96,99,25,100,111,48,106,2,115,31,52,17,5,24,90,61,10,119,91,47,4,110,110,53,6,61,71,7,73,92,31,27,61,70,33,115,7,22,51,61,93,106,84,35,58,110,117,55,101,75,5,51,20,118,110,47,27,67,12,34,68,105,57,3,4,26,28,13,68,90,96,53,81,2,26,100,84,107,42,11,30,15,10,111,91,75,106,59,80,55,93,8,100,27,21,72,87,95,41,38,77,111,80,8,70,25,16,38,106
65,45,112,5,58,42,117,19,50,79,3,99,111,101,86,35,18,18,5,39,51,97,40,27,91,39,108,7,88,119,38,1,23,33,44,111,54,90,75,115,28,48,12,90,64,32,5,119,95,83,93,36,54,76,88,54,25,9,110,119,17,111,19,13,36,87,101,110,36,73,76,108,33,36,57,39,99,88,74,64,16,116,29,68,69,39,2,58,33,10,59,58,117,41,17,2,61,59,97,68,117,2,62,34,61,96,62,42,81,69,64,119,108,118,97,14,118,59,32,110,53,32,110,47,44,30,94,112,13,34,67,17,33,9,81,50,9,16,65,92,103,64,54,112,5,115,118,12,56,106,32,53,67,34,77,82,71,46,26,55,88,13,22,15,26,64,9,27,97,86,109,39,91,4,29,42,61,85,20,4,21,106,119,65,41,21,1,96,79,45,16,34,78,5,38,51,53,74,3,46
51,10,27,117,44,9,30,101,8,40,34,16,100,21,61,3,23,21,75,27,92,110,35,9,78,118,42,118,41,67,90,27,81,10,38,36,107,93,111,65,44,115,14,8,73,54,95,24,50,101,27,81,24,113,11,95,4,76,20,29,53,6,33,104,89,2,108,18,25,99,1,111,3,23,62,60,94,27,36,46,67,102,51,115,18,51,5,66,87,32,30,24,98,58,119,67,46,70,106,2,30,58,105,82,115,19,55,107,52,117,10,39,25,74,41,57,46,1,80,9,81,108,102,13,109,114,115,29,3,12,77,110,33,63,91,20,115,103,73,7,67,9,7,81,66,5,8,106,75,75,93,84,48,41,40,49,16,4,13,103,40,17,114,107,103,7,116,15,36,54,12,7,30,11,99,73,71,104,101,113,67,50,81,108,62,106,105,115,41,29,115,20,33,1,21,83,27,95,21,78
64,17,96,118,4,102,90,28,86,105,20,18,104,75,33,9,89,47,69,69,51,61,96,36,10,17,66,10,21,69,9,48,70,38,77,49,92,24,42,74,54,29,66,62,89,89,64,86,9,19,20,97,4,110,88,49,7,33,107,65,58,29,111,48,102,51,16,2,17,25,43,69,59,79,119,96,21,30,89,93,74,106,48,4,94,19,6,45,90,36,35,91,68,78,58,23,114,15,70,91,66,11,87,88,117,42,86,57,54,67,119,9,102,79,52,45,67,57,94,62,117,111,83,32,84,86,48,5,85,78,77,7,79,31,88,93,17,43,118,99,33,77,9,91,85,107,62,29,102,102,99,104,96,117,113,83,29,53,35,23,79,49,98,43,79,91,86,17,78,96,13,41,77,53,100,74,11,97,14,7,83,100,51,75,81,7,77,107,71,119,111,85,72,107,98,9,18,46,23,27
54,13,41,32,117,55,71,93,1,46,75,12,25,95,29,26,49,104,87,79,88,97,67,86,12,6,79,98,114,46,7,70,24,17,113,14,31,31,84,22,26,92,62,105,64,71,65,21,37,82,68,1,47,89,87,56,102,85,37,10,93,117,79,66,3,2,88,118,46,100,106,66,46,108,70,20,63,25,21,63,9,28,35,119,64,96,45,34,69,17,94,73,81,95,49,7,47,22,12,83,49,76,114,33,52,21,29,64,5,82,116,82,47,29,89,101,15,92,35,9,6,79,21,105,116,38,20,111,29,15,96,29,107,72,58,50,76,87,50,38,32,2,117,107,44,48,112,32,115,30,67,20,9,41,107,100,117,49,97,87,10,112,16,86,118,19,94,12,68,66,44,49,89,6,95,96,85,88,115,32,71,2,51,61,77,74,72,19,97,79,72,91,80,8,94,33,90,12,56,64
94,39,108,23,104,107,82,49,10,15,9,114,24,19,36,71,27,94,85,15,49,68,106,52,117,44,96,112,77,48,95,11,5,51,51,83,49,44,82,96,58,54,97,19,27,94,55,38,80,31,17,90,42,27,97,89,3,40,79,34,41,44,116,111,49,20,88,64,73,19,45,33,42,13,86,18,38,52,42,105,12,71,78,99,109,2,23,70,88,83,61,113,76,6,89,11,87,111,6,27,25,24,33,41,47,66,3,34,112,83,79,49,104,43,5,117,24,112,62,22,82,67,20,54,115,112,43,50,23,33,56,69,52,37,99,61,41,44,77,64,62,20,46,93,110,70,59,15,67,20,91,26,44,78,108,100,42,32,80,35,30,30,45,106,26,32,55,10,45,18,61,13,19,95,115,93,63,81,49,2,16,90,5,15,4,117,22,6,100,74,13,119,62,116,112,53,14,100,54,81
72,4,85,24,52,41,36,75,98,9,15,58,75,51,38,79,19,96,14,21,16,63,54,2,112,103,20,110,72,70,106,33,8,82,89,85,32,43,20,12,46,18,29,6,92,46,7,101,52,8,42,5,6,31,37,59,104,54,71,15,5,105,28,82,22,22,69,80,89,84,77,82,35,32,113,98,78,119,9,58,54,76,49,59,36,48,95,108,107,54,29,16,2,118,65,67,95,13,58,91,36,106,40,113,71,12,3,19,63,119,52,4,79,55,4,40,71,84,25,108,68,16,14,9,21,6,64,94,99,7,83,65,30,104,31,43,81,15,107,72,62,20,63,52,118,26,26,4,108,86,73,46,39,34,110,49,102,14,8,79,21,40,84,19,22,107,91,40,91,48,101,30,89,74,20,96,3,91,111,75,78,82,43,44,80,5,95,28,68,43,30,68,63,1,41,31,49,6,105,3
72,40,50,30,46,114,10,45,7,51,26,19,97,114,24,12,117,19,107,117,90,48,60,86,117,64,16,111,48,103,23,103,73,33,118,67,112,114,56,51,42,28,115,11,75,53,53,60,60,10,4,49,91,75,117,77,18,11,51,118,6,17,38,80,57,71,95,20,70,61,57,104,105,1,6,58,69,32,88,12,43,41,64,17,73,32,111,86,50,29,8,66,83,118,28,21,29,94,57,54,31,90,99,69,43,113,108,19,28,96,97,4,34,24,44,58,12,14,94,25,11,55,13,109,42,56,13,96,46,3,105,14,82,103,19,67,34,64,10,53,76,75,104,61,67,107,92,106,44,41,90,80,36,98,98,84,59,3,110,61,26,111,21,62,91,54,32,24,28,93,97,86,8,95,56,103,119,91,36,66,47,107,112,27,93,49,27,96,25,70,75,95,11,64,13,1,18,79,20,97
59,92,5,78,29,104,103,111,95,82,24,77,5,50,77,23,17,76,72,6,19,74,34,81,103,42,1,31,18,23,63,44,106,36,116,118,113,72,73,65,31,58,114,35,88,84,73,75,78,37,81,44,117,69,32,51,71,46,19,63,5,50,85,81,17,15,116,110,53,22,93,42,62,118,90,60,21,22,13,17,83,87,75,36,86,31,1,72,16,9,74,50,31,92,86,93,27,45,119,24,19,116,78,20,81,69,36,21,31,70,38,55,7,80,17,65,10,43,49,62,115,4,76,95,60,35,105,104,17,106,93,85,99,12,26,90,61,91,8,5,109,46,45,62,77,14,34,41,60,5,119,91,75,82,43,81,23,117,10,90,77,71,99,61,33,30,108,116,54,102,11,4,109,39,108,12,90,20,85,42,59,87,65,106,15,62,48,21,97,47,116,82,1,8,61,104,119,99,33,17
8,64,35,112,14,37,104,26,85,83,75,48,81,6,110,38,92,100,44,79,30,28,3,67,71,19,56,111,51,23,42,39,1,96,102,94,17,29,41,46,98,5,58,10,7,14,67,44,118,110,36,39,57,65,43,32,35,64,66,105,92,77,75,113,115,13,28,16,77,1,79,46,53,67,13,3,105,66,111,112,93,34,105,104,68,47,63,29,106,97,83,99,116,102,29,91,53,97,33,53,115,23,64,82,7,85,43,110,30,116,70,26,87,80,39,17,15,61,86,98,106,89,11,86,64,87,21,96,63,1,80,2,81,11,87,46,14,106,99,81,76,94,10,14,71,106,25,17,45,88,60,119,57,64,100,64,95,29,112,67,94,73,25,38,5,22,55,56,88,52,14,111,69,59,105,74,83,93,50,80,13,71,32,119,55,102,71,78,58,15,82,27,41,10,54,83,93,46,39,12
62,5,97,26,58,103,63,16,109,29,48,118,63,78,20,68,40,78,111,5,78,23,90,115,105,70,9,46,98,111,25,88,73,23,105,77,21,19,20,108,119,21,117,12,6,43,33,36,29,45,42,103,116,110,115,49,47,57,114,38,80,76,9,24,30,61,11,90,52,13,2,81,29,92,17,63,60,8,13,58,16,106,12,68,93,104,97,33,107,24,78,89,74,49,85,14,119,49,86,2,36,90,65,71,91,17,88,10,38,58,7,112,1,79,4,43,78,61,31,90,3,33,21,62,9,103,3,38,30,33,95,12,16,4,65,24,25,45,73,10,22,108,65,115,80,8,113,91,63,28,51,85,19,95,27,97,104,112,37,68,114,40,44,10,83,38,107,51,51,113,13,68,89,103,85,27,70,6,118,84,34,75,18,29,51,25,70,54,47,72,92,61,16,22,93,97,1,44,20,60
17,96,50,68,63,17,73,21,36,46,34,39,40,46,100,35,10,6,76,32,15,28,69,88,44,93,22,98,17,21,6,107,119,81,111,92,104,3,80,21,106,80,11,89,1,72,20,56,101,62,101,90,30,83,82,42,18,110,78,101,43,8,66,48,37,57,55,84,104,110,73,113,89,34,94,77,46,114,54,36,51,19,11,59,90,84,65,17,30,76,61,94,73,12,24,43,87,92,72,30,55,66,3,37,96,36,75,1,49,115,24,68,77,57,105,18,45,81,25,13,4,12,88,24,43,51,77,110,65,107,6,107,40,14,107,14,104,101,76,86,94,55,107,45,72,100,70,100,95,72,33,31,88,94,34,82,65,86,34,89,91,75,30,80,57,102,84,6,41,44,75,9,86,43,34,103,40,92,96,74,119,17,23,39,10,109,45,7,2,73,86,52,115,13,76,58,31,26,39,9
50,82,6,26,31,20,96,22,77,63,39,56,98,47,1,99,22,108,111,94,9,5,54,75,105,7,103,3,13,88,41,95,36,71,63,26,68,115,10,39,93,13,35,68,16,7,111,114,42,42,96,113,107,37,11,109,102,106,9,113,112,15,116,14,8,15,113,116,9,28,72,2,100,73,16,7,63,98,58,89,27,115,53,92,37,105,28,88,79,109,26,101,83,47,9,44,9,69,94,31,46,119,75,51,21,109,47,28,18,32,105,82,29,10,48,36,24,73,13,72,6,7,34,54,85,118,99,93,45,12,103,97,71,39,100,12,76,11,73,76,59,64,11,66,31,113,12,52,74,13,7,63,96,99,8,15,94,52,113,39,110,58,84,37,24,26,35,100,43,18,98,24,88,116,80,37,52,59,18,106,82,54,25,23,16,108,97,58,117,64,63,56,90,113,97,55,99,94,16,89
94,74,42,79,117,10,5,45,77,37,117,106,5,92,53,51,64,39,28,108,83,66,91,19,30,74,95,35,47,35,109,48,21,100,64,23,77,114,74,21,7,51,6,4,80,85,40,38,92,114,81,53,99,84,13,103,12,21,76,77,34,18,28,88,58,99,45,54,63,79,83,77,42,64,50,78,94,10,35,43,58,32,42,25,96,59,9,88,70,39,86,89,89,83,55,32,62,58,73,86,61,89,80,16,58,56,112,73,42,81,27,28,78,100,85,6,91,40,64,11,100,113,97,68,51,16,56,11,107,96,31,102,89,33,69,87,40,21,99,30,17,101,106,53,57,44,16,11,3,84,106,38,43,45,97,92,110,48,16,93,69,13,58,27,2,73,71,2,11,44,22,71,21,51,1,107,18,29,83,2,85,110,67,46,74,80,14,22,41,31,29,72,54,101,106,50,97,54,112,89
80,30,66,41,108,73,23,8,74,97,11,89,53,112,1,14,2,107,8,44,34,74,87,84,48,102,18,100,16,6,91,35,67,1,84,47,75,83,54,105,69,68,72,63,81,81,78,45,73,13,80,103,42,47,62,78,31,42,73,96,4,75,108,50,56,114,88,117,100,119,30,103,14,5,57,53,45,57,52,18,105,27,2,12,6,85,54,81,95,116,45,2,115,73,89,15,81,32,6,4,112,27,1,69,30,97,24,10,51,69,26,7,36,81,62,107,47,36,42,96,35,93,91,29,42,59,99,9,29,27,7,41,90,28,96,47,97,109,108,18,76,67,59,79,82,59,96,46,17,105,61,27,101,76,70,41,66,101,54,18,64,37,53,63,109,50,45,100,107,102,62,98,95,42,95,86,44,100,85,89,3,69,20,8,86,108,47,112,61,15,79,5,95,51,68,4,23,44,57,57
112,34,37,26,93,19,64,45,13,73,105,69,32,5,12,38,9,3,10,29,107,46,50,7,55,2,47,83,80,50,109,3,64,42,58,44,99,32,10,7,62,93,114,25,77,50,106,18,16,115,115,77,80,74,11,79,32,113,70,53,119,100,117,70,106,9,72,18,21,4,62,108,69,55,2,12,53,2,12,83,108,72,53,22,113,5,90,98,75,76,116,89,119,38,89,54,17,98,46,47,11,55,112,65,3,55,41,24,6,65,93,118,50,1,22,115,1,61,42,21,21,71,66,28,13,6,52,4,47,37,111,93,61,95,54,7,12,98,38,87,7,34,40,2,9,119,103,73,98,45,106,94,28,74,88,43,111,92,46,19,91,16,3,115,91,9,9,10,33,46,90,28,38,62,46,6,114,86,36,78,61,89,24,40,90,110,97,109,80,21,5,29,10,96,7,23,57,14,95,8
9,19,53,22,48,57,43,19,26,119,111,73,74,14,10,8,41,26,28,36,9,58,96,42,3,99,10,118,24,119,97,65,20,56,119,16,81,69,10,27,76,36,10,76,36,56,3,16,35,44,85,66,49,12,14,107,94,100,21,22,58,52,83,39,15,2,58,100,9,49,83,78,38,55,55,92,61,71,24,75,2,18,98,7,21,102,108,61,104,70,64,98,25,47,57,114,89,108,58,3,102,68,49,95,20,8,9,39,7,18,65,3,13,92,80,99,8,99,105,27,17,25,95,70,103,119,62,2,117,25,82,18,88,41,59,22,62,80,11,81,81,59,82,62,80,12,52,59,80,46,117,67,11,46,36,42,117,4,48,18,94,33,56,103,49,24,14,2,114,55,75,94,72,93,60,102,28,106,101,101,25,88,105,23,106,12,103,79,7,67,67,119,79,16,101,10,41,39,102,30
107,9,69,92,116,2,14,95,48,52,24,95,10,19,86,7,8,94,64,89,50,49,68,96,81,44,35,80,58,1,91,3,58,16,34,36,13,24,26,93,94,118,64,98,57,71,101,27,98,72,61,87,36,82,13,20,22,118,24,67,14,11,16,58,112,97,58,62,79,33,51,48,42,25,97,86,102,87,69,6,85,113,29,42,29,106,53,38,57,46,73,20,63,102,73,3,97,61,17,76,21,67,37,15,39,110,117,113,39,37,69,28,53,54,22,5,49,9,30,72,79,74,92,111,63,9,77,62,104,81,21,16,105,93,65,6,46,89,90,53,45,97,78,41,94,77,82,27,59,75,5,47,95,40,113,71,61,23,71,38,58,10,13,77,31,42,57,76,109,89,118,103,12,75,99,88,86,45,101,109,106,92,57,119,69,98,25,94,62,45,112,110,17,16,95,72,43,16,42,52
6,86,75,15,28,73,27,58,14,113,84,2,92,22,91,80,52,91,34,52,41,67,76,98,1,48,50,19,52,61,76,11,76,80,23,42,105,80,1,45,89,43,19,40,22,31,107,33,95,98,66,49,75,76,57,37,87,55,7,32,33,69,94,40,19,21,102,18,65,109,6,28,34,21,92,107,15,75,61,26,15,41,81,74,108,39,5,36,18,6,105,90,51,73,11,42,105,51,76,105,18,34,91,48,46,91,34,63,110,2,91,90,66,1,102,26,30,77,55,68,72,62,46,26,69,87,44,76,99,57,36,23,26,21,102,17,108,84,37,9,9,50,111,72,9,88,99,5,46,118,22,47,36,24,19,112,91,100,85,34,114,22,64,22,106,88,1,31,79,14,101,53,54,4,58,31,22,69,71,10,42,77,78,111,85,30,111,113,17,108,48,19,36,59,15,61,116,56,102,118
63,78,99,32,116,30,65,72,55,92,69,16,26,101,71,52,9,3,116,92,22,109,80,105,59,95,107,9,103,73,46,90,29,31,93,98,54,63,27,14,109,85,36,36,13,20,40,105,53,59,71,28,85,15,14,94,31,33,17,21,104,82,15,103,11,34,95,9,98,49,7,75,17,29,7,61,49,33,49,76,109,119,52,2,76,31,70,49,27,69,71,8,73,50,33,53,98,117,62,64,39,30,111,60,118,81,86,16,7,56,80,90,73,68,27,69,59,75,3,113,57,68,5,102,19,6,43,110,15,65,26,36,66,113,30,84,15,98,103,81,53,8,60,117,59,111,57,42,94,95,106,68,47,44,90,49,69,38,58,103,115,64,66,5,20,24,50,106,82,54,10,76,97,28,38,112,38,39,15,80,81,48,12,16,32,73,106,89,104,23,84,82,103,50,81,107,77,49,10,6
86,84,64,98,31,60,100,38,24,112,118,57,4,14,2,52,118,86,62,59,116,28,43,61,20,40,113,113,97,36,88,61,64,85,76,6,51,30,24,94,101,2,6,24,112,111,15,101,119,27,27,74,45,113,72,53,86,8,88,5,20,101,29,67,24,93,114,32,116,100,65,60,44,89,26,36,110,43,37,83,42,40,76,66,26,117,33,47,36,15,77,65,99,60,82,111,48,5,118,116,86,70,38,54,46,2,12,107,96,5,83,68,10,112,95,36,71,55,3,109,111,49,47,6,106,119,68,42,88,43,86,6,96,21,77,17,99,111,31,117,118,9,74,106,78,36,21,48,37,43,23,107,3,45,3,89,73,98,17,14,35,117,78,29,53,32,24,83,35,84,39,103,71,63,5,80,71,41,39,82,13,96,40,118,26,108,2,42,76,56,19,119,57,10,110,91,76,78,39,58
15,109,63,49,78,37,83,108,10,36,10,67,70,13,24,31,71,28,52,28,92,117,78,82,37,83,49,101,54,18,27,48,6,79,17,30,62,9,3,14,41,50,90,68,45,19,47,24,56,24,94,25,7,94,23,86,113,90,109,13,19,17,109,14,74,104,64,77,6,118,53,111,87,107,36,19,44,60,59,16,54,106,18,13,81,2,118,19,77,101,12,90,16,115,116,71,104,71,61,28,106,106,87,19,29,1,75,59,101,91,10,72,73,71,107,102,3,4,29,25,106,112,91,67,105,65,74,46,90,99,1,105,33,67,90,73,41,81,57,56,61,109,43,56,112,61,65,16,99,108,40,32,79,90,83,18,57,7,13,39,11,116,23,5,117,113,82,52,84,19,20,41,110,7,77,52,81,3,105,44,1,69,78,113,87,81,27,30,118,76,33,13,79,96,101,44,50,105,114,37
40,39,97,80,30,42,48,36,101,95,3,92,54,23,80,24,102,12,98,89,37,87,5,93,50,44,56,47,19,100,6,110,117,101,67,74,82,49,34,106,98,89,58,60,76,90,12,11,41,12,76,93,112,110,37,69,47,103,117,38,59,41,2,10,111,117,18,91,117,109,1,78,24,78,5,75,22,7,72,116,9,25,52,106,3,107,47,77,111,5,14,65,67,10,26,79,90,76,73,35,30,15,9,67,41,112,53,78,52,20,15,108,110,105,49,103,119,47,24,50,73,82,117,90,113,38,71,80,62,73,81,60,106,58,47,20,66,40,63,2,94,61,87,107,23,72,35,84,39,35,97,42,65,98,69,50,70,60,52,76,5,69,111,112,82,15,43,35,97,4,50,28,35,107,56,13,95,92,115,92,54,60,95,32,56,53,58,108,22,82,90,15,57,48,61,15,49,46,109,104
1,111,112,103,65,94,31,81,21,82,91,83,36,12,52,44,36,103,95,8,51,47,110,83,52,108,33,20,16,28,77,100,2,91,75,36,97,31,49,119,63,67,28,64,111,110,94,92,14,111,76,17,28,46,50,46,112,33,2,7,111,93,21,119,13,1,37,99,69,87,62,84,48,107,55,43,106,44,77,78,25,57,24,65,3,25,83,86,59,14,49,106,10,19,57,101,89,117,112,99,79,87,30,98,44,28,12,19,26,73,85,93,113,27,82,116,64,4,23,108,33,7,59,10,40,74,58,36,75,100,3,17,94,113,85,45,31,98,36,80,63,69,29,80,24,102,60,100,106,24,1,11,64,26,116,93,94,115,107,82,54,112,100,46,15,25,81,102,1,50,75,10,24,19,80,79,30,27,42,119,56,7,111,89,44,94,61,106,83,55,12,45,103,22,43,103,119,8,86,87
113,16,88,11,50,14,90,117,26,84,8,84,34,6,88,39,87,69,104,23,54,111,89,101,80,106,96,64,25,107,11,44,101,5,15,63,67,52,6,78,38,44,55,40,20,84,76,97,52,9,28,59,106,63,104,46,23,89,78,31,102,111,61,30,41,2,56,75,23,108,79,111,60,83,53,118,112,6,56,100,72,115,26,46,106,80,20,59,23,90,34,10,55,26,86,18,29,83,96,76,107,36,22,45,75,69,16,84,76,112,75,81,95,33,48,80,45,43,12,73,48,15,58,47,59,13,15,71,113,83,82,7,114,22,31,26,33,40,67,87,34,67,84,35,94,57,79,67,96,78,50,38,118,49,93,28,76,24,31,57,30,28,95,105,119,69,113,82,25,105,91,118,108,104,100,48,63,109,73,71,45,103,75,28,84,58,21,36,6,6,66,114,73,59,28,1,41,63,94,25
19,56,86,104,117,112,55,67,21,118,17,36,38,75,23,57,13,7,5,58,116,40,24,108,92,21,68,109,1,25,95,112,76,65,119,89,67,48,38,80,55,100,86,81,35,6,31,2,45,50,97,28,43,88,92,106,64,67,34,66,55,26,9,80,61,62,34,46,47,82,84,76,57,64,80,26,77,86,72,98,53,8,77,47,5,68,18,118,68,6,21,103,119,86,8,70,69,117,44,10,7,49,116,44,78,44,99,109,84,18,17,61,30,41,115,117,23,17,43,51,9,20,72,107,30,90,1,72,103,114,118,76,105,72,118,65,62,7,99,82,94,1,6,75,33,84,9,98,31,5,47,73,77,24,64,28,48,111,52,21,41,83,117,11,45,6,68,80,22,36,105,116,46,41,75,119,35,111,42,43,114,12,17,72,20,107,51,89,110,21,17,84,11,88,75,95,110,94,115,73
107,8,106,62,82,48,27,61,110,48,95,68,119,10,30,65,37,98,86,37,116,30,21,62,6,32,67,86,33,75,99,9,6,60,108,31,97,98,25,23,28,94,66,25,5,98,44,48,113,49,105,46,7,19,69,116,6,57,24,110,71,111,117,95,81,20,24,35,80,64,87,55,9,3,48,26,31,51,14,15,7,115,51,60,39,68,117,37,63,50,67,117,98,2,94,100,37,29,64,64,17,55,17,76,1,30,1,55,17,59,44,100,38,49,98,28,7,15,65,116,22,21,55,63,37,33,91,55,69,83,20,98,39,77,17,23,16,39,106,67,19,119,73,12,2,88,38,113,34,32,16,20,104,27,70,78,1,83,110,64,62,34,82,98,79,76,11,103,26,119,38,11,25,61,26,112,119,82,43,85,2,117,64,113,110,39,98,41,15,5,19,35,59,76,55,102,44,112,90,74
36,87,11,110,85,95,110,34,52,18,102,11,2,99,58,74,6,7,10,65,92,1,55,48,15,90,109,92,48,110,23,101,57,65,24,17,8,110,58,10,10,110,11,73,31,4,79,91,15,19,4,32,114,111,100,3,82,75,19,25,88,14,9,9,100,43,53,74,3,4,4,91,64,5,83,73,93,109,118,92,11,22,56,102,52,80,77,51,30,10,80,14,80,16,45,6,48,3,78,1,28,80,3,106,94,9,79,59,46,110,106,77,64,119,47,38,95,113,8,92,37,117,6,45,71,67,25,2,97,119,44,82,86,109,44,101,24,11,1,47,103,62,21,104,33,87,80,20,64,9,8,22,17,63,59,25,38,39,29,74,88,38,7,79,109,50,11,107,111,51,55,76,53,111,19,15,49,73,72,1,71,114,110,103,31,105,101,101,102,91,108,98,86,95,77,64,35,4,103,73
24,45,46,20,80,20,79,6,34,17,83,61,26,105,43,105,90,87,30,100,98,97,65,19,14,34,22,87,41,45,29,99,30,75,37,103,32,103,92,7,31,71,45,117,116,2,99,104,114,49,115,37,97,99,80,38,112,106,109,93,42,113,72,82,74,102,17,56,1,8,50,71,92,97,12,4,111,7,13,51,70,105,35,11,28,83,97,83,85,119,105,76,50,101,21,119,81,53,4,51,55,44,35,13,31,29,94,11,9,65,73,117,101,81,89,84,104,60,98,54,54,46,104,102,118,21,89,51,21,29,111,14,101,57,34,27,68,69,95,104,1,80,111,81,86,74,4,75,90,102,31,113,110,72,16,96,89,57,114,58,39,20,112,114,102,111,110,88,79,113,69,12,119,116,6,92,54,22,79,85,41,10,47,74,31,72,10,40,41,95,107,81,99,44,55,87,7,98,103,119
78,68,109,20,80,29,96,27,61,6,55,34,108,35,28,110,48,113,24,15,41,71,22,38,20,66,22,79,116,83,100,1,75,46,109,3,1,103,1,90,115,68,65,18,82,111,21,117,53,34,118,28,57,95,13,52,95,2,85,117,62,64,55,25,50,75,102,33,82,118,25,43,71,93,36,69,24,14,61,117,79,116,32,1,41,2,96,27,86,49,34,11,43,5,42,60,77,25,65,17,90,51,26,77,45,16,4,68,110,27,8,113,110,20,43,35,71,61,33,73,40,75,104,118,7,69,64,3,95,107,106,4,88,15,33,62,50,53,32,48,87,104,112,88,57,117,33,64,50,108,10,108,26,68,26,79,26,58,59,14,108,33,103,8,58,18,47,45,2,60,88,6,79,9,53,99,16,46,4,57,14,68,3,64,38,35,111,35,18,110,60,76,47,69,53,119,98,103,103,28
21,43,107,51,43,64,85,70,11,118,118,21,115,15,29,99,5,98,42,51,20,53,116,19,32,5,29,42,2,9,75,14,42,52,114,43,33,66,90,35,95,66,115,39,91,2,69,69,25,25,117,60,39,1,83,42,40,72,22,41,18,31,88,11,31,117,25,99,56,91,95,38,88,16,58,72,31,34,89,85,74,101,54,20,62,83,37,86,60,31,50,42,63,93,76,112,9,89,48,85,86,51,60,108,74,103,66,41,103,101,23,87,106,56,88,61,109,67,56,113,115,10,34,76,47,72,89,11,2,109,67,39,73,119,42,30,22,63,113,119,108,63,36,10,21,74,4,76,57,70,79,55,19,4,41,15,33,115,71,3,38,35,99,51,89,37,63,57,96,115,21,33,13,47,5,60,13,85,59,50,119,8,73,71,56,64,110,21,16,85,16,118,34,28,31,48,80,39,5,88
54,4,97,21,27,18,74,47,3,109,9,29,92,11,12,14,28,40,71,112,27,84,74,29,36,54,60,16,110,34,72,52,25,114,119,118,59,66,112,2,36,45,46,74,49,93,46,90,18,25,115,85,1,52,109,81,71,106,24,16,25,46,44,65,104,109,50,74,66,11,22,95,49,72,59,32,22,24,48,30,23,64,48,92,100,41,74,76,47,37,96,109,33,113,109,3,2,28,77,54,41,102,46,117,91,105,18,7,75,31,12,6,96,72,110,113,43,36,91,100,64,57,81,112,104,51,24,105,41,52,5,61,93,91,88,31,109,62,52,87,118,96,111,25,92,16,26,51,45,38,20,19,99,87,69,23,9,85,70,103,19,104,100,90,78,76,100,95,78,97,93,52,6,23,105,116,1,67,45,77,9,28,88,7,109,53,99,19,46,8,24,62,66,98,5,89,58,80,49,70
114,29,45,4,112,22,96,38,109,38,83,119,69,82,80,8,114,102,13,49,81,97,109,76,111,103,59,12,52,75,60,103,70,22,10,13,91,109,55,95,101,74,115,67,91,89,59,76,15,102,118,84,30,26,25,6,81,28,92,70,23,55,34,108,48,116,3,12,115,62,31,95,15,69,50,97,39,4,12,21,31,2,103,108,69,85,64,96,19,83,58,17,95,20,40,74,13,35,83,112,58,32,52,94,32,29,6,119,89,7,44,94,58,31,6,49,92,17,93,93,12,106,92,49,21,73,72,116,89,19,44,35,63,115,17,42,88,81,100,51,73,67,61,15,52,23,99,67,8,31,73,54,40,82,93,104,18,37,116,98,76,107,56,86,29,24,87,96,98,109,70,98,18,32,67,7,22,42,100,67,113,72,27,25,107,48,96,23,4,91,37,85,78,43,50,6,99,36,61,83
30,72,100,101,72,68,13,23,92,41,16,36,98,45,117,90,58,31,109,28,98,62,57,70,101,115,36,33,82,65,55,103,89,100,67,56,47,22,78,78,68,65,94,92,26,42,29,103,112,108,21,83,55,106,47,51,79,13,73,70,107,37,59,103,65,95,112,37,72,55,10,87,60,102,51,33,56,18,90,60,51,83,55,21,72,60,65,30,32,111,33,63,24,93,21,78,68,26,41,103,1,9,57,110,76,17,46,9,32,66,35,10,118,79,85,73,40,93,30,80,96,3,93,97,61,11,106,111,28,49,97,94,75,45,53,6,31,74,103,36,99,70,52,34,30,63,50,11,20,109,95,64,86,2,18,26,113,19,50,69,55,57,29,3,36,57,74,47,112,32,119,12,42,39,60,66,80,22,103,24,76,56,70,49,85,46,50,66,111,79,74,59,106,35,23,39,113,23,45,47
106,19,42,100,92,93,74,73,69,118,23,15,4,90,70,101,9,78,106,5,28,111,116,88,25,13,78,6,75,110,4,48,88,64,11,119,86,23,70,90,91,19,9,97,100,87,99,108,49,18,105,10,118,115,91,54,17,33,71,119,82,2,102,47,94,19,1,42,34,26,59,113,17,13,62,91,41,118,47,116,114,117,68,85,42,95,35,76,35,91,77,107,29,106,70,30,28,42,82,1,4,98,60,35,30,75,55,21,16,86,67,51,8,16,51,108,99,28,65,34,102,25,33,65,74,2,49,102,52,99,87,5,12,84,99,65,95,30,99,77,38,9,89,17,11,96,113,103,108,81,9,59,35,35,53,117,5,47,69,101,119,69,69,26,101,12,49,41,3,6,51,8,52,92,96,87,63,26,82,107,114,99,101,110,47,88,4,96,95,108,98,89,70,93,55,89,27,25,91,69
7,96,23,110,93,7,91,41,83,103,32,20,3,67,116,100,57,98,74,42,36,101,23,66,90,49,67,11,79,58,85,111,85,100,77,100,33,93,97,6,14,39,99,11,26,96,84,104,115,68,11,88,105,25,113,20,15,32,10,93,104,95,24,17,18,28,101,74,98,10,94,6,72,102,73,8,75,55,60,94,92,13,9,9,31,24,73,87,12,6,27,110,66,53,63,64,112,96,72,67,101,81,40,103,27,12,79,28,64,119,46,77,46,1,35,8,36,101,56,95,71,100,18,57,31,10,28,119,31,20,19,18,30,94,43,86,29,108,24,79,15,39,119,55,81,33,112,98,77,88,103,52,63,72,69,49,118,48,97,4,1,76,11,70,1,66,110,96,68,9,3,93,90,78,34,12,24,87,18,63,114,82,45,28,86,46,81,63,74,104,96,8,54,11,115,60,116,69,16,82
94,60,21,20,25,23,4,117,4,102,60,67,99,96,57,61,55,35,38,23,87,78,65,14,8,22,63,5,114,52,78,43,71,97,98,44,92,46,17,64,44,21,4,63,70,9,39,44,118,45,58,106,73,43,117,2,39,53,70,35,30,11,34,4,112,54,70,104,25,11,12,10,108,83,13,49,40,102,34,83,63,64,5,14,81,61,82,14,1,70,118,33,30,13,89,50,61,13,68,84,115,109,19,24,61,95,81,82,40,24,67,35,16,103,75,31,66,118,75,14,5,107,70,55,34,20,48,63,43,108,106,30,55,86,39,114,22,28,17,46,110,100,90,19,105,59,88,83,13,5,33,63,70,103,88,4,84,40,2,2,7,3,71,69,65,94,7,63,13,32,30,50,20,60,99,27,19,5,40,109,100,85,72,113,36,26,57,34,33,87,6,111,56,58,110,8,103,30,25,15
80,10,45,114,73,37,100,6,98,87,85,106,117,5,87,85,115,112,55,30,88,72,78,71,44,6,38,115,90,119,62,57,78,19,100,64,56,67,94,38,100,80,61,79,85,87,30,60,114,68,39,103,2,67,41,1,27,61,72,16,84,15,49,79,26,55,14,14,82,110,46,6,117,98,30,65,95,37,61,95,54,68,40,39,97,75,13,90,56,116,14,34,46,13,22,48,115,53,53,106,72,48,91,35,48,63,17,14,119,106,42,58,116,10,10,88,2,11,17,24,81,96,68,81,56,103,89,101,53,49,61,47,52,85,77,87,95,28,112,19,118,86,16,13,113,5,108,91,110,70,97,69,73,115,63,61,52,3,19,8,74,36,63,30,78,96,90,7,7,53,116,60,95,113,98,74,46,9,109,86,119,109,113,96,102,16,66,95,104,50,30,51,34,117,53,74,116,37,29,53
73,40,89,7,36,20,31,53,115,67,92,103,32,5,8,65,29,88,24,79,103,6,75,111,112,60,114,118,39,40,103,15,17,22,98,8,33,73,100,94,82,18,89,16,85,18,63,56,6,10,57,103,36,40,47,74,116,48,57,103,43,63,113,105,97,28,52,6,105,28,50,81,5,111,109,86,68,103,17,3,60,7,52,56,9,105,78,52,80,92,81,39,37,40,19,61,11,70,55,7,91,115,7,1,94,13,99,5,50,106,77,68,56,111,28,41,29,109,9,97,24,47,23,119,51,115,24,101,40,48,38,65,102,65,13,52,44,12,28,25,45,44,115,22,92,77,59,10,105,66,91,55,82,4,108,40,17,89,107,19,55,14,7,78,36,91,57,14,40,81,6,25,17,96,17,18,94,83,71,41,60,36,18,94,53,25,47,105,24,19,97,55,98,25,59,79,5,9,55,21
21,6,66,50,116,42,71,23,37,12,10,53,36,109,72,11,55,105,58,70,33,38,10,22,18,31,96,39,118,107,88,12,82,71,11,53,82,70,109,24,51,105,8,118,89,78,93,32,84,22,49,28,85,38,27,111,17,111,66,2,78,17,106,92,85,29,2,12,37,75,113,94,74,98,10,8,34,35,25,117,67,56,76,106,28,106,27,65,73,41,51,111,65,15,116,26,100,6,81,88,40,3,16,78,2,71,83,59,86,33,83,104,8,64,103,14,93,13,117,11,74,89,115,21,66,19,106,103,85,48,50,38,46,111,110,114,61,10,81,30,18,106,68,40,41,64,49,40,48,13,94,108,39,4,39,108,66,21,107,57,7,35,18,9,94,63,4,57,66,69,76,92,104,46,86,51,92,60,38,66,21,98,6,10,3,119,92,90,71,29,74,104,79,51,95,102,58,32,54,7
44,38,59,102,38,81,58,114,115,59,42,27,30,42,71,72,47,52,21,94,16,109,98,68,118,107,75,22,6,26,92,112,101,12,42,39,81,42,89,108,33,3,59,97,87,15,33,114,105,8,92,22,92,3,5,114,76,38,111,44,59,98,106,106,29,16,109,12,111,42,100,98,93,10,40,31,73,90,46,21,31,14,10,47,77,118,45,85,28,42,114,113,26,53,94,62,15,56,119,26,80,107,77,88,53,112,41,60,52,9,55,9,67,18,5,80,53,25,41,97,67,55,45,27,112,96,68,42,67,14,37,63,2,3,90,42,114,15,85,118,72,38,75,45,47,102,60,106,1,85,93,94,23,36,98,33,108,18,3,45,50,53,30,76,57,20,116,4,69,49,72,40,108,95,77,89,57,88,16,36,114,58,113,12,113,114,106,85,3,68,83,116,54,37,46,18,52,38,83,39
90,55,119,11,7,67,69,14,29,115,59,35,84,86,78,44,9,23,35,102,73,110,41,53,47,102,109,50,69,78,68,102,76,106,23,16,20,104,96,76,1,77,79,51,31,9,93,79,97,95,66,26,97,89,63,87,69,23,113,23,3,27,62,109,34,95,66,73,116,34,96,107,32,108,62,86,16,19,35,113,65,63,51,57,7,64,95,108,109,80,82,25,106,111,86,95,58,89,76,82,29,43,114,3,92,82,3,45,117,29,30,106,86,66,84,9,62,72,39,26,76,29,18,112,34,4,12,49,59,116,66,27,7,1,3,98,116,64,35,10,50,91,76,1,12,13,107,112,38,28,61,90,116,58,25,57,74,118,113,62,17,28,80,31,68,53,93,65,18,24,59,76,40,65,48,64,69,15,64,14,66,104,22,113,81,92,41,55,37,116,39,107,117,105,113,95,62,1,27,84
98,46,26,33,51,102,37,20,41,77,76,83,100,65,69,114,109,35,28,2,9,108,87,109,12,5,81,39,106,62,31,72,105,64,8,83,21,117,6,58,67,62,45,65,52,98,4,29,58,91,17,109,81,22,31,58,52,102,67,58,115,65,37,97,94,81,72,24,105,98,10,57,118,45,109,73,12,22,101,69,82,66,72,22,85,22,89,24,35,91,29,5,64,88,82,90,15,83,62,30,3,99,46,8,68,54,17,32,102,104,2,51,2,76,5,64,94,4,45,72,40,31,21,17,116,76,10,105,119,84,61,103,22,19,115,95,53,55,109,31,64,7,16,68,10,114,44,11,25,103,3,4,83,22,5,118,94,41,61,65,2,91,68,112,14,34,74,12,96,75,45,8,62,116,117,21,80,60,109,42,77,64,48,9,91,10,71,91,43,48,61,21,33,31,101,17,95,24,90,8
50,59,27,22,46,113,104,112,19,87,14,81,108,72,55,94,43,112,105,103,28,39,108,36,43,70,116,64,56,47,84,47,37,26,64,75,65,52,29,86,33,90,32,62,83,24,54,20,76,73,86,101,3,23,38,61,37,85,51,83,63,110,37,55,1,86,102,95,31,40,14,44,55,104,51,24,51,95,72,118,76,106,46,85,69,26,118,10,91,114,112,1,51,91,119,103,57,63,4,94,75,19,116,99,118,82,20,7,22,41,107,74,97,106,97,52,118,70,79,99,6,15,82,65,87,7,69,114,108,69,108,84,14,7,111,107,26,1,93,97,101,69,71,27,67,22,77,17,116,44,25,39,74,65,116,67,28,81,72,15,23,27,118,33,56,7,23,74,50,83,30,106,118,53,99,109,117,12,11,85,114,85,14,51,14,118,104,46,94,35,103,93,12,31,96,3,70,31,109,76
104,62,69,39,68,119,73,23,49,4,47,60,42,69,117,107,109,8,81,26,72,66,11,17,86,50,54,25,73,82,21,54,96,76,83,76,86,38,101,9,61,14,76,103,49,96,103,13,40,43,4,83,37,104,76,99,44,42,15,28,28,58,81,23,2,22,52,35,106,24,27,78,63,41,110,96,85,107,8,94,114,31,55,57,39,11,103,31,12,77,60,23,119,84,94,82,8,8,49,62,103,98,81,108,26,108,42,29,51,34,44,94,3,111,7,51,80,114,16,36,74,106,67,58,82,69,113,9,72,16,7,46,4,75,101,43,55,6,49,45,69,16,59,13,40,118,53,3,22,104,37,102,5,17,56,115,35,34,94,32,33,49,6,71,113,94,3,107,116,88,108,111,52,18,106,80,21,95,92,108,57,52,57,30,100,110,40,39,106,68,74,45,10,32,12,12,14,84,98,26
71,23,101,56,119,13,59,71,24,57,23,23,81,114,62,59,114,10,18,113,104,74,13,53,1,49,103,33,62,28,72,31,93,68,78,46,105,55,76,64,3,105,58,100,48,47,14,69,6,11,18,15,63,13,83,107,101,66,41,64,6,7,45,101,33,20,104,75,81,50,91,30,81,27,104,74,85,109,68,75,8,70,117,18,54,72,13,85,23,117,28,12,34,64,86,74,71,49,24,63,118,13,22,18,27,82,40,106,99,28,90,69,19,83,87,60,64,29,21,10,71,7,56,83,62,46,22,98,75,34,84,4,88,9,10,32,9,80,70,34,3,35,105,18,15,18,86,106,35,99,10,83,19,8,27,82,36,105,56,3,116,83,37,8,39,100,107,35,82,30,23,60,36,107,37,11,28,55,113,12,56,67,36,60,55,40,81,82,109,113,32,22,118,59,70,60,27,84,113,3
10,117,33,100,53,45,78,106,67,104,36,89,119,4,13,62,60,10,69,74,111,109,98,99,4,51,41,110,49,51,32,1,8,117,109,101,15,53,111,34,43,25,56,12,69,92,43,14,94,33,31,47,119,55,74,98,50,115,100,17,55,86,23,116,29,42,56,95,97,81,54,73,39,90,114,15,98,119,39,23,93,36,83,98,15,87,67,24,39,109,72,64,67,115,116,23,23,3,33,40,56,40,48,19,63,113,55,18,108,113,99,50,111,23,53,33,69,30,41,29,61,23,107,34,28,88,41,92,23,19,103,102,67,84,94,70,72,61,63,32,30,62,102,57,106,59,117,16,85,91,77,31,93,2,18,1,118,32,95,101,8,67,101,61,1,44,69,88,110,105,117,7,78,117,63,106,78,90,67,29,85,44,79,64,64,20,56,21,111,110,100,76,40,42,90,3,79,95,115,44
114,11,5,106,100,92,60,108,105,114,14,13,55,35,49,41,52,69,50,62,16,69,78,4,97,1,27,6,44,60,48,47,15,58,89,103,57,80,83,79,115,50,17,114,107,70,19,9,101,48,63,113,19,26,97,81,12,94,108,97,95,27,4,47,92,24,61,32,49,81,65,54,17,1,53,45,28,98,61,19,117,28,93,17,12,106,52,28,69,56,28,68,14,96,48,62,99,100,8,79,47,115,65,31,65,116,118,102,99,13,64,38,57,108,98,104,74,91,108,63,65,51,64,86,66,104,83,112,37,8,77,46,33,104,16,68,51,63,38,71,32,82,79,32,39,111,54,17,117,35,1,3,62,41,28,33,2,19,47,95,99,68,26,18,47,85,88,88,69,19,6,11,98,58,5,105,9,54,57,5,41,69,8,29,82,37,68,101,10,101,83,104,31,66,96,40,116,66,97,13
102,113,61,49,79,64,7,46,83,49,111,82,107,61,75,68,6,7,89,7,17,111,48,82,100,71,6,48,48,25,50,61,56,74,86,46,86,63,32,24,30,22,35,38,13,104,69,3,11,38,73,26,95,19,76,11,48,41,111,19,118,101,83,55,15,76,83,90,25,91,1,56,17,54,11,119,82,119,65,30,33,87,59,59,78,35,77,92,105,81,90,103,9,98,116,8,84,56,82,99,42,15,113,49,97,62,15,104,55,32,65,88,13,71,72,99,86,64,76,6,36,59,119,65,14,74,45,65,36,30,85,51,107,9,63,65,20,36,18,80,41,75,55,29,106,38,71,91,32,17,89,85,2,69,108,65,5,28,47,119,4,118,44,13,24,16,110,39,103,114,23,69,100,117,16,91,41,67,44,53,52,66,101,61,19,103,98,46,67,69,98,111,64,57,102,82,53,76,62,12
34,117,50,99,75,71,50,22,87,9,64,10,17,56,84,46,50,77,62,105,117,9,9,61,95,90,106,4,22,68,36,10,32,108,80,60,53,56,12,64,43,20,36,64,74,28,104,92,16,44,74,75,38,102,65,96,111,41,58,70,56,9,35,92,107,85,54,30,48,46,20,6,85,72,82,95,119,91,39,108,46,70,92,32,63,60,59,8,38,98,100,78,85,78,36,19,82,54,27,112,113,11,89,33,33,108,95,16,31,92,52,37,83,36,99,14,94,101,93,43,73,89,27,2,103,108,69,52,40,12,31,108,65,84,70,15,92,62,70,36,19,100,89,11,30,88,19,22,88,109,32,50,30,56,109,24,102,109,16,37,4,11,58,47,56,110,28,13,51,79,3,8,9,85,32,51,85,19,62,59,56,94,83,23,94,19,9,68,110,111,62,13,32,45,49,94,57,84,113,104
107,45,31,106,43,60,100,15,50,13,43,79,26,37,3,74,18,118,17,39,45,59,112,86,44,26,89,34,21,93,76,4,53,28,25,93,37,45,89,34,35,18,62,61,1,100,115,33,24,85,105,8,110,47,106,43,18,38,81,42,55,76,6,20,19,34,51,111,34,72,110,39,56,9,7,40,99,28,43,111,27,17,85,68,1,84,58,38,47,95,38,7,44,12,47,57,54,81,66,32,74,44,98,74,109,36,43,47,16,101,81,3,90,43,97,80,84,94,92,21,74,62,25,93,51,57,113,76,64,91,36,25,16,50,55,105,48,53,54,25,5,81,110,38,17,118,65,105,53,117,96,56,55,18,4,53,51,64,76,77,39,96,24,14,117,78,54,80,57,97,77,5,36,72,32,1,68,101,8,81,32,49,78,17,12,73,10,96,108,16,10,63,113,69,85,59,49,45,39,42
16,73,44,105,6,24,78,89,27,69,41,40,50,46,7,83,37,68,24,102,54,85,24,19,3,24,94,106,104,59,61,20,76,11,7,74,73,94,115,76,94,70,24,69,27,14,32,9,11,15,37,41,30,64,65,61,15,96,43,11,23,14,106,112,50,14,87,24,9,90,19,1,17,76,21,65,95,88,119,78,61,13,109,104,20,20,97,50,74,14,60,93,56,35,38,49,106,41,116,35,77,114,118,10,79,49,63,55,68,79,23,64,9,10,54,91,16,79,96,95,75,97,47,108,78,14,13,113,42,100,56,15,20,27,81,38,27,67,1,37,17,116,86,86,58,92,114,97,58,81,25,19,17,77,76,98,87,45,36,32,8,28,73,1,37,44,29,117,108,101,85,60,61,39,101,118,76,110,45,73,90,26,31,43,85,98,1,49,85,38,11,104,11,33,89,30,12,71,105,40
19,110,87,108,67,35,11,9,22,21,89,9,37,61,51,83,56,1,64,41,35,5,49,51,17,45,94,22,70,26,104,93,5,46,27,14,78,9,71,20,8,49,54,114,6,64,99,93,67,42,20,110,80,25,81,59,117,12,117,39,4,89,77,18,31,31,40,86,15,28,9,105,31,81,66,54,80,24,70,88,1,109,84,51,66,75,48,44,108,28,5,105,33,93,55,33,42,85,71,8,78,59,91,48,1,111,76,14,91,105,71,51,110,9,45,7,78,71,108,83,58,76,92,68,39,24,71,12,2,63,116,80,45,82,13,111,72,70,85,18,103,32,4,76,25,109,84,84,3,62,97,95,59,119,75,35,30,42,108,43,63,38,49,26,12,91,57,3,94,32,35,116,50,25,79,118,35,47,101,102,25,48,53,78,110,106,76,43,102,16,52,113,27,65,95,47,76,3,35,32
90,32,49,116,37,99,27,12,20,61,2,18,34,118,52,87,27,67,88,5,9,63,80,70,10,95,20,4,18,54,118,49,81,116,60,46,100,102,44,33,115,21,56,36,74,33,60,98,84,2,30,113,26,77,73,52,43,111,86,116,62,60,87,74,75,42,49,74,60,13,79,31,91,112,43,50,41,76,113,95,89,7,109,111,119,80,114,31,1,35,82,94,99,81,58,36,1,74,48,116,6,110,12,72,113,108,72,90,26,89,54,28,89,88,4,50,56,103,74,92,63,86,29,74,8,91,5,6,2,102,3,109,9,39,103,29,74,7,22,47,51,105,44,52,87,16,3,103,102,100,26,16,114,43,50,61,108,54,7,94,4,15,68,26,97,44,14,27,87,8,8,21,97,41,94,103,24,57,97,80,1,46,4,81,59,26,86,95,66,106,13,74,14,90,10,30,21,7,50,61
55,110,12,18,10,31,74,57,9,56,55,15,92,72,82,105,74,95,60,19,20,20,111,71,7,109,2,77,60,21,72,21,38,28,6,70,103,70,26,91,87,38,58,11,108,109,15,62,43,38,105,12,102,66,48,113,73,107,86,4,35,55,52,57,20,60,69,11,50,39,21,62,44,53,110,111,64,84,8,84,119,7,105,71,53,28,96,64,52,111,105,72,69,86,117,108,95,41,30,26,74,5,80,105,116,11,1,71,12,117,58,55,31,31,17,88,36,57,20,44,72,69,92,119,118,102,108,101,57,24,29,30,77,62,57,44,36,102,108,18,65,56,46,69,19,44,113,66,99,1,2,94,4,36,55,70,90,42,115,6,77,3,93,93,101,118,60,75,56,90,12,89,89,38,65,62,13,83,42,21,110,100,86,76,70,114,71,63,86,107,88,48,48,81,3,38,33,42,51,111
42,24,105,99,3,104,110,69,54,23,84,102,62,34,52,84,116,95,101,118,10,4,49,58,84,106,80,11,84,43,91,95,2,106,65,43,78,1,61,37,84,44,11,26,101,37,32,103,59,34,87,11,88,29,107,107,115,67,91,66,80,103,71,96,68,50,1,88,79,66,52,4,10,103,103,20,57,22,36,1,18,11,107,78,85,43,102,49,13,86,21,117,32,26,75,70,62,53,107,24,102,31,27,54,11,4,57,13,12,89,19,13,28,25,68,97,12,52,63,87,12,84,9,54,105,2,66,28,88,48,101,6,76,77,10,53,76,98,91,65,17,61,19,81,32,50,26,25,45,34,96,3,93,20,32,96,114,68,97,10,60,3,6,83,37,11,20,86,77,47,60,92,70,111,67,86,104,21,40,50,94,20,104,40,4,41,11,51,86,31,43,79,18,36,61,38,72,24,116,101
86,102,34,97,35,93,114,73,118,86,93,10,25,111,38,4,65,80,7,62,119,97,83,10,17,20,70,76,41,80,3,31,79,24,118,8,108,110,78,20,4,55,74,118,13,105,114,114,30,3,109,104,75,15,6,33,46,20,61,114,92,16,100,90,100,41,67,92,4,95,55,4,14,79,59,79,34,91,99,6,35,94,33,62,37,67,24,27,69,119,11,67,117,41,40,41,108,9,116,94,82,28,118,17,6,34,4,2,6,6,76,64,89,59,50,35,3,37,94,74,87,58,45,14,118,99,3,41,65,17,63,62,93,46,77,63,83,26,76,41,21,20,84,104,45,65,101,41,85,64,52,48,116,13,109,58,78,99,32,88,4,22,26,82,63,49,46,43,56,69,32,66,21,90,27,82,62,41,68,98,82,87,26,70,13,80,114,67,23,47,65,55,67,117,34,23,83,112,83,44
36,46,44,107,36,92,1,41,47,25,60,10,47,43,34,69,89,54,13,13,94,56,1,112,55,11,10,77,92,3,73,111,17,17,118,49,52,104,76,35,11,104,13,27,41,100,31,93,35,36,119,4,92,111,11,43,58,98,51,39,45,90,85,93,26,40,92,18,102,109,3,60,75,63,21,23,105,25,7,91,101,111,20,68,91,3,64,108,103,109,2,94,29,28,80,110,76,117,118,45,86,18,29,25,103,119,43,22,55,92,50,87,26,78,3,25,3,55,119,109,80,74,96,82,3,102,76,34,78,52,74,20,69,85,43,9,61,109,92,46,28,102,23,104,69,41,87,3,106,39,3,42,11,48,24,81,37,7,101,69,50,24,69,40,73,98,100,27,24,66,110,21,12,41,16,34,116,47,12,102,70,76,91,89,43,1,78,7,35,98,75,59,74,2,89,90,98,63,119,105
107,43,111,2,5,12,35,78,10,78,72,2,18,66,58,46,107,111,86,2,101,16,16,13,13,112,117,44,82,100,16,71,100,87,28,27,37,78,105,87,109,96,67,51,23,112,113,28,90,46,84,97,36,39,24,119,79,53,9,59,108,14,40,92,113,70,56,23,94,86,22,41,44,14,100,117,92,65,93,68,25,15,25,49,33,82,69,48,110,106,106,16,95,93,38,15,34,24,85,84,99,12,17,67,43,88,60,67,83,19,94,80,78,39,20,28,58,8,77,7,114,58,26,4,107,63,60,5,21,98,39,70,22,47,18,107,115,91,43,46,61,115,24,89,15,95,103,117,102,55,11,95,7,67,25,43,19,61,54,75,74,27,49,52,60,2,23,66,4,18,109,103,76,53,104,12,95,7,79,94,105,35,10,18,55,113,29,100,24,65,68,55,69,15,63,80,40,100,88,58
21,43,75,78,39,21,82,72,9,76,93,25,82,108,52,19,111,97,91,44,33,101,117,97,4,116,26,12,84,57,24,46,19,116,29,45,55,35,88,99,1,114,77,5,50,97,75,19,15,68,80,93,7,69,44,75,14,68,84,24,14,117,19,16,102,41,60,32,24,66,29,48,65,21,8,88,65,105,23,70,76,6,32,97,43,9,95,84,116,78,33,21,96,27,56,2,107,61,24,39,115,30,51,87,5,65,46,109,80,47,36,70,90,16,65,6,24,109,91,116,50,54,24,59,118,114,92,38,57,105,51,56,78,83,72,100,110,56,66,107,11,41,40,31,72,114,49,13,116,14,72,16,51,63,60,97,2,29,102,10,9,3,89,56,110,59,50,25,102,50,97,48,17,77,108,74,24,26,9,109,55,33,53,47,98,92,103,90,103,20,15,33,13,26,27,3,117,42,30,109
101,80,1,6,3,74,16,29,119,54,111,31,4,73,79,94,49,42,98,78,12,28,49,25,12,13,3,32,43,118,78,33,115,29,95,113,61,98,18,110,49,43,7,38,77,95,5,96,55,2,2,103,79,88,111,29,95,65,43,95,95,21,106,77,48,74,8,30,19,98,82,19,99,111,1,112,64,115,94,64,13,20,53,70,98,3,49,37,89,59,69,87,51,7,20,70,40,36,113,78,83,47,105,54,56,3,51,97,119,59,46,19,87,93,47,116,33,11,96,47,12,42,119,53,93,85,69,21,32,118,71,89,60,38,37,53,109,94,76,42,36,33,26,25,13,66,52,101,92,45,49,69,33,21,2,106,98,78,38,117,79,32,46,49,63,54,55,77,46,11,38,107,35,55,4,19,33,2,107,75,42,96,23,55,60,78,116,71,59,25,80,105,20,15,1,113,65,24,10,39
3,99,75,1,115,84,18,88,47,72,27,77,39,90,36,53,17,81,96,73,8,40,64,76,63,19,70,78,113,21,45,75,41,109,2,46,66,57,22,94,118,38,54,19,117,29,30,18,39,63,17,41,73,84,116,4,11,38,53,14,64,5,101,80,86,2,43,107,27,29,4,117,26,66,7,26,114,51,28,40,15,1,79,106,36,76,54,34,95,35,80,113,90,22,65,74,100,69,70,108,73,17,1,10,113,93,109,62,3,79,109,11,15,53,43,108,105,110,78,27,74,115,1,119,37,6,17,73,86,54,80,49,11,103,95,102,7,98,108,38,63,8,43,1,96,38,119,108,91,116,102,63,91,65,79,4,2,118,18,16,1,72,72,119,71,11,40,81,97,34,91,27,42,81,14,67,59,49,51,110,57,91,78,50,116,117,116,58,23,91,45,73,74,80,72,23,56,93,45,4
25,40,23,6,22,47,21,23,60,58,91,16,77,32,4,94,85,80,100,44,89,118,18,95,12,115,71,41,77,101,18,46,87,11,14,30,45,3,58,62,112,71,59,112,6,15,70,77,69,42,38,99,102,119,91,7,46,108,81,1,21,95,112,86,55,32,49,80,54,119,25,35,46,52,75,107,7,13,45,86,9,37,13,52,106,29,23,111,97,51,87,13,17,38,32,55,88,9,21,86,18,105,47,25,107,61,88,75,23,106,32,10,56,55,80,76,33,110,71,118,97,34,31,77,33,85,119,58,18,51,1,78,63,108,24,43,47,8,19,89,82,13,27,12,115,26,108,12,3,43,36,39,67,110,97,77,78,2,102,71,27,84,113,13,97,110,26,102,7,109,82,76,1,53,24,99,98,70,28,29,10,62,42,4,55,20,17,98,64,63,57,39,16,111,91,69,106,32,43,118
106,1,28,6,47,7,2,9,22,35,59,91,54,104,59,100,11,118,33,89,46,107,3,28,22,69,17,26,10,26,1,9,62,90,106,45,74,102,102,6,20,38,12,83,19,98,12,81,83,5,19,65,93,9,21,31,74,59,21,78,14,67,87,37,43,6,60,62,98,63,85,71,31,23,7,57,91,28,116,73,69,16,71,42,8,105,8,92,66,35,4,43,103,113,37,59,117,92,50,61,20,52,24,111,101,13,92,118,95,65,35,5,65,29,88,93,4,56,37,53,51,17,101,18,112,50,19,68,16,5,87,27,117,75,49,54,73,87,89,50,112,63,62,59,97,74,48,78,108,75,102,68,77,112,104,117,20,101,58,3,40,110,12,16,115,22,40,110,86,76,48,12,91,10,20,68,21,4,80,23,68,82,99,112,100,96,17,19,88,37,24,37,77,88,81,28,47,30,16,111
117,105,61,83,63,92,60,11,104,2,4,110,91,39,39,36,22,14,66,83,1,57,54,27,39,96,5,118,40,60,78,67,86,93,5,34,91,55,36,84,78,75,15,37,45,105,65,104,59,58,52,97,40,104,109,80,48,95,3,87,109,60,119,16,54,115,6,18,44,101,63,76,85,91,33,55,46,51,63,40,30,69,59,14,12,7,34,114,29,105,79,42,99,3,23,64,63,44,72,50,55,36,36,51,11,95,43,79,85,38,54,38,91,108,68,62,106,58,81,61,113,88,100,35,61,2,5,64,66,17,28,47,86,29,80,116,76,39,30,8,33,84,96,79,19,79,28,106,93,50,54,111,65,4,27,95,90,100,26,106,21,112,47,9,52,110,72,71,112,23,28,46,68,56,19,71,80,108,21,32,24,20,94,117,108,76,112,109,72,26,119,96,96,2,27,98,10,106,15,2
111,101,85,118,37,74,58,67,19,14,71,11,48,29,31,45,93,98,81,9,109,47,80,29,80,63,70,60,111,3,48,1,54,66,15,73,53,84,13,13,88,56,7,43,108,7,119,106,49,89,47,113,102,9,13,34,56,75,99,111,45,54,83,118,55,24,88,20,62,34,106,59,7,64,103,103,62,25,48,18,116,32,23,58,54,38,97,73,104,40,42,41,13,11,74,111,101,46,20,38,4,63,37,36,116,85,62,35,23,89,91,42,34,95,70,6,44,57,22,98,110,52,18,108,26,12,44,55,119,41,8,54,12,91,103,38,105,7,81,91,12,19,90,11,92,43,62,116,10,16,57,102,46,108,2,103,44,52,24,63,59,24,82,65,51,41,97,116,13,86,19,78,39,21,79,20,105,92,40,47,58,35,90,78,99,16,90,81,89,64,81,11,47,88,84,44,31,109,23,24
55,111,79,101,56,112,59,18,45,12,22,36,54,77,59,66,61,59,17,114,15,11,71,118,70,53,104,102,39,65,37,53,87,3,75,22,118,29,110,92,111,50,24,65,51,56,87,73,87,51,21,69,7,113,108,65,97,96,34,54,54,110,71,10,39,31,106,33,100,65,28,79,70,18,73,70,91,8,30,6,93,37,65,30,60,84,27,40,24,119,85,69,38,35,8,34,102,84,118,110,61,28,39,55,61,51,34,97,104,10,88,112,101,96,20,102,4,88,117,84,56,78,54,55,16,23,74,63,11,56,54,57,4,108,98,7,32,59,52,40,39,8,99,37,98,86,95,117,8,89,85,2,50,115,100,67,60,70,34,16,9,48,70,76,110,13,5,49,72,49,43,95,75,101,108,71,64,63,30,114,109,38,77,40,96,47,20,14,31,2,26,52,37,28,95,70,2,33,98,7
76,41,66,67,36,16,23,55,114,99,24,54,117,28,33,67,45,99,43,11,31,41,27,7,102,91,70,97,31,11,104,104,25,82,12,78,96,50,17,66,104,15,51,106,29,66,69,24,2,112,12,82,9,75,16,112,15,83,66,44,40,84,24,70,56,57,29,40,119,33,83,88,100,76,49,61,39,56,13,113,36,95,39,9,51,62,56,33,106,45,80,45,84,82,85,2,70,59,86,61,21,84,24,74,72,57,53,82,60,113,79,77,53,117,10,28,78,56,86,25,110,75,24,8,119,24,69,4,43,93,5,2,50,72,36,61,34,1,79,20,25,45,88,9,55,93,108,94,81,42,39,21,34,48,74,82,116,119,12,18,75,2,2,46,93,96,87,38,1,14,12,83,27,74,67,75,51,94,2,25,7,110,45,6,11,12,72,35,56,3,12,108,7,40,68,114,77,41,59,81
75,5,34,119,116,18,9,113,110,73,20,61,19,89,40,44,87,94,7,78,45,46,29,42,98,15,18,39,40,75,118,32,106,65,119,75,98,11,119,18,99,78,74,1,62,75,3,52,92,12,26,118,28,31,103,60,114,115,43,71,51,100,2,58,53,106,42,99,39,42,91,29,31,81,87,47,112,12,71,116,53,94,72,80,25,49,56,49,93,106,75,65,36,111,92,116,50,34,16,112,115,38,34,2,79,50,115,103,66,73,46,7,102,5,82,48,25,68,85,59,109,114,40,107,73,40,51,84,60,11,25,50,108,109,66,75,7,5,33,73,36,66,113,118,6,90,106,102,52,27,96,56,75,72,9,14,78,107,112,19,66,28,93,47,75,102,89,89,37,81,91,57,23,102,17,107,3,62,59,5,115,100,41,73,21,96,101,3,8,15,80,1,25,58,50,48,114,109,69,59
119,86,39,2,97,31,60,84,51,57,54,107,41,104,99,24,1,91,45,85,29,68,31,1,32,119,75,25,115,85,66,70,79,106,62,105,1,34,53,27,27,1,88,51,40,58,75,72,101,90,76,77,102,44,15,92,8,116,55,55,68,89,94,51,95,48,39,71,82,52,84,109,57,56,14,13,39,13,87,4,102,82,115,107,65,73,107,58,28,41,53,38,25,116,56,27,11,34,108,9,1,95,62,59,15,79,91,72,87,106,64,94,31,53,81,17,115,108,112,51,30,50,91,60,114,53,85,62,55,31,73,16,47,33,103,87,46,66,83,16,116,12,10,94,21,103,64,1,107,96,94,91,69,57,87,106,88,31,61,36,74,55,113,43,79,109,94,87,102,116,83,54,90,118,41,66,25,45,67,84,24,23,43,11,95,110,6,42,15,37,98,48,110,72,2,69,15,53,98,8
13,106,5,11,1,116,93,46,48,63,31,100,111,72,95,44,69,76,87,72,112,41,61,12,21,71,19,99,17,79,20,93,73,110,59,33,63,93,77,80,17,84,14,16,118,61,35,4,43,69,105,92,94,71,29,63,1,52,40,90,115,23,17,75,47,35,66,20,35,63,23,82,112,50,87,47,117,9,21,109,117,95,108,99,29,10,24,35,83,54,61,46,68,98,22,63,114,108,118,71,100,91,90,49,39,98,70,95,119,115,80,112,97,57,77,116,83,77,26,111,97,57,4,71,25,71,10,57,77,83,55,70,30,39,17,17,41,77,67,81,57,40,71,8,90,84,69,1,91,23,38,18,10,67,79,53,59,84,2,87,12,106,12,119,43,36,67,32,61,21,70,92,51,83,119,25,32,102,4,84,110,96,93,111,56,119,36,6,27,7,8,112,85,109,8,9,2,68,101,95
99,84,116,73,44,32,83,59,38,52,11,50,39,102,37,5,57,43,97,47,79,114,36,70,6,20,10,98,35,119,32,29,116,71,106,104,37,59,92,74,86,9,111,90,109,70,78,106,31,106,34,31,48,75,98,64,11,104,27,16,13,26,108,17,83,13,81,66,112,37,3,44,102,41,79,6,10,22,54,8,109,99,107,91,109,50,3,116,55,110,112,70,98,95,100,105,98,110,91,109,78,14,102,79,89,76,2,95,84,91,28,115,39,7,42,106,66,5,45,24,59,108,7,9,55,26,30,59,116,62,83,1,7,111,118,86,113,100,14,97,47,100,25,18,116,91,69,79,48,14,93,19,15,114,62,1,76,108,55,1,7,75,50,66,115,114,8,81,55,51,105,84,118,54,39,81,84,66,63,4,14,97,80,107,111,107,50,48,83,114,36,41,35,76,48,35,66,4,20,62
18,9,77,15,15,41,65,33,58,89,14,19,38,17,107,54,53,47,15,105,119,25,28,59,44,96,6,65,77,13,91,81,104,24,64,102,14,89,66,115,46,109,56,17,42,9,22,31,54,86,55,115,34,101,8,105,70,81,50,93,23,37,63,6,110,28,4,69,55,48,37,76,13,107,89,40,48,82,99,72,93,55,105,119,54,83,1,59,24,81,48,106,66,23,87,91,22,99,35,41,76,21,8,116,110,12,86,57,84,116,3,23,101,11,26,104,64,1,58,7,118,103,12,46,88,21,72,118,10,113,10,93,100,37,95,9,72,24,40,29,43,86,101,75,114,82,72,70,64,49,80,5,76,107,76,34,41,67,42,59,32,4,115,85,86,102,106,5,62,23,17,103,41,18,42,46,114,49,77,10,51,103,16,51,33,93,86,21,42,29,70,7,76,28,93,61,72,75,9,106
14,32,67,5,14,9,63,24,34,44,15,11,3,41,38,50,86,99,49,64,97,117,31,93,56,28,103,49,30,71,95,4,43,40,40,49,112,35,104,48,83,47,114,59,103,17,77,12,35,106,61,47,65,15,58,8,12,20,31,77,47,63,93,12,103,66,44,112,97,15,113,23,90,10,71,36,14,41,38,98,52,3,108,93,21,96,113,41,73,30,13,81,41,39,67,88,43,9,1,80,36,80,44,68,56,112,37,118,2,48,87,15,108,34,98,18,81,38,21,32,19,46,27,92,15,47,43,53,35,8,59,90,78,10,53,85,25,36,113,18,22,95,28,62,102,114,80,74,30,32,34,109,50,2,19,72,14,71,92,23,68,88,72,103,115,59,34,53,48,59,79,73,102,83,94,11,12,5,88,114,97,83,87,114,34,5,85,3,83,47,89,52,23,15,17,64,115,79,114,88
109,57,20,53,19,28,97,91,8,39,100,53,49,73,27,88,55,32,38,69,66,13,90,47,74,43,65,90,15,58,28,23,6,60,7,91,82,79,80,34,99,18,104,89,81,27,68,119,18,116,20,12,30,40,19,72,104,2,116,72,2,87,70,98,22,40,110,47,8,2,25,8,79,109,17,84,17,89,59,109,67,109,96,112,116,5,32,44,31,60,42,67,6,11,24,97,85,64,14,43,55,116,101,22,1,53,99,45,90,109,62,6,69,81,26,111,109,118,68,99,58,19,63,12,26,42,101,62,108,112,54,11,9,106,75,31,64,47,16,33,43,88,50,79,10,40,43,21,66,116,80,80,15,98,101,39,12,19,85,36,41,39,72,35,23,33,15,42,15,70,69,119,108,39,61,107,30,63,6,70,31,56,117,118,65,102,95,60,83,109,79,77,94,14,89,93,23,16,119,43
67,26,87,48,72,105,1,9,35,14,83,21,96,81,56,15,82,44,104,47,31,100,62,49,14,78,67,88,30,42,30,71,3,57,100,76,31,85,107,72,13,23,20,31,31,54,81,16,11,10,27,68,27,114,104,107,115,95,43,33,93,84,73,58,95,30,15,60,97,118,82,59,71,68,75,28,14,65,118,86,114,104,50,102,61,5,83,53,13,31,108,70,92,99,54,44,95,34,78,107,105,38,95,79,113,72,50,57,96,58,21,41,39,99,13,18,46,114,34,30,41,73,23,28,103,107,70,88,86,87,21,58,31,84,82,103,23,28,72,42,37,95,114,118,62,119,109,13,86,26,63,51,104,30,98,110,38,26,71,78,31,10,63,5,14,116,19,86,35,79,37,12,112,27,29,32,88,17,7,9,43,74,39,99,59,96,105,8,56,112,98,106,13,65,106,112,92,41,22,98
36,78,78,37,95,103,85,10,24,95,23,51,69,16,15,56,113,17,111,40,43,76,62,102,67,55,21,28,86,18,119,21,15,33,42,84,16,73,11,65,70,39,27,61,119,77,96,82,48,27,99,78,116,106,48,49,41,33,83,85,39,20,34,49,60,60,117,55,49,17,119,14,82,105,73,61,24,77,59,98,95,10,108,50,22,44,30,50,104,67,54,85,88,33,16,65,7,72,75,106,70,10,115,9,73,119,116,36,23,85,88,111,21,67,21,52,47,40,118,88,45,117,117,102,42,15,64,15,102,78,106,72,100,91,16,22,59,40,66,51,97,98,10,100,17,112,87,110,57,83,107,4,68,6,102,111,99,67,38,59,89,65,80,74,55,5,100,86,106,41,114,11,4,55,49,22,60,119,54,44,98,85,101,11,116,84,52,108,61,86,115,67,60,45,87,78,84,75,39,61
64,74,77,80,116,41,53,50,42,33,33,75,77,33,117,109,99,73,62,41,81,77,116,114,106,113,118,32,98,87,26,96,39,33,80,38,105,97,62,46,71,78,1,99,73,87,54,49,46,7,66,111,5,113,108,117,86,29,113,98,90,115,34,69,62,52,27,58,47,97,64,21,15,66,14,116,83,19,86,67,113,45,8,103,9,96,95,82,90,80,12,81,81,119,21,84,28,26,29,99,70,117,98,5,70,36,48,119,74,68,10,104,22,93,52,17,34,56,26,20,104,12,4,74,114,46,25,39,10,81,103,3,19,10,36,5,102,41,72,116,36,97,84,100,49,106,32,32,30,115,37,102,58,48,62,33,37,88,19,118,95,51,34,50,46,68,95,114,106,82,2,20,62,23,3,93,63,88,58,21,85,51,4,20,104,107,48,21,3,64,49,34,21,93,47,52,108,30,48,74
69,87,6,53,40,9,89,106,63,80,23,37,117,119,20,34,80,14,60,2,31,21,115,74,75,66,94,13,49,91,71,22,34,56,93,75,48,67,101,92,74,27,76,78,27,118,22,70,57,74,23,93,44,45,108,44,15,1,14,57,21,14,46,87,36,106,67,64,67,80,79,103,64,33,82,14,96,69,113,67,82,86,94,68,102,4,70,116,74,104,6,36,109,111,117,47,88,26,95,63,18,2,17,35,115,55,110,95,8,103,99,6,114,27,68,88,101,27,101,75,100,115,9,66,11,20,69,42,76,71,106,17,96,76,99,96,9,107,118,80,81,58,7,13,104,44,15,116,88,30,54,56,59,70,112,64,51,64,84,78,72,14,17,37,103,113,32,39,13,34,48,39,105,31,16,47,91,97,36,46,36,61,53,22,74,47,106,3,43,22,79,101,48,57,82,99,68,6,53,59
